[
    {
        "id": 128496906,
        "fullName": "Hoàng Em",
        "email": "lhttdz.2.1.09@gmail.com",
        "password": "skaqOmcr",
        "created_at": "2025-09-01 11:18:43"
    },
    {
        "id": 128496907,
        "fullName": "Trang Trần",
        "email": "l.ht.t.d.z.2.1.09@gmail.com",
        "password": "mwYGhPRX",
        "created_at": "2025-09-01 11:18:49"
    },
    {
        "id": 128497025,
        "fullName": "Trần Hữu ThảoHữu",
        "email": "lh.t.t.dz2.109@gmail.com",
        "password": "bmyrWUNy",
        "created_at": "2025-09-01 11:32:33"
    },
    {
        "id": 128497027,
        "fullName": "Đình Huỳnh",
        "email": "l.h.tt.dz21.09@gmail.com",
        "password": "v08MAune",
        "created_at": "2025-09-01 11:32:39"
    },
    {
        "id": 128497028,
        "fullName": "Hoàng Bùi",
        "email": "l.ht.t.dz.2109@gmail.com",
        "password": "NfqvbVYL",
        "created_at": "2025-09-01 11:32:45"
    },
    {
        "id": 128497031,
        "fullName": "Ngọc Trần",
        "email": "lh.t.t.d.z.2.10.9@gmail.com",
        "password": "D3LmEReQ",
        "created_at": "2025-09-01 11:32:51"
    },
    {
        "id": 128497032,
        "fullName": "Đặng Văn HuyThanh",
        "email": "l.htt.dz21.0.9@gmail.com",
        "password": "VRQ8jm1X",
        "created_at": "2025-09-01 11:32:56"
    },
    {
        "id": 128497033,
        "fullName": "Lê Thanh AnNgọc",
        "email": "lht.tdz.2109@gmail.com",
        "password": "UZXh8Zp1",
        "created_at": "2025-09-01 11:33:02"
    },
    {
        "id": 128497035,
        "fullName": "Bùi Quốc Trang",
        "email": "l.h.ttdz2.1.09@gmail.com",
        "password": "LTTNSDvw",
        "created_at": "2025-09-01 11:33:08"
    },
    {
        "id": 128497036,
        "fullName": "Thảo Đặng",
        "email": "l.h.ttd.z.2.1.09@gmail.com",
        "password": "qUb4Uzoj",
        "created_at": "2025-09-01 11:33:13"
    },
    {
        "id": 128497037,
        "fullName": "Ngọc Trần",
        "email": "lht.td.z.2.1.09@gmail.com",
        "password": "gk2vbn5O",
        "created_at": "2025-09-01 11:33:19"
    },
    {
        "id": 128497039,
        "fullName": "Đình Phạm",
        "email": "l.h.t.td.z.2.1.0.9@gmail.com",
        "password": "d2hYUtsC",
        "created_at": "2025-09-01 11:33:25"
    },
    {
        "id": 128497196,
        "fullName": "Lê Hoàng HuyVăn",
        "email": "lht.t.d.z.2.1.0.9@gmail.com",
        "password": "ndUnPNgh",
        "created_at": "2025-09-01 11:51:57"
    },
    {
        "id": 128497198,
        "fullName": "Thảo Trần",
        "email": "l.h.tt.dz2.10.9@gmail.com",
        "password": "6zhe8Y8N",
        "created_at": "2025-09-01 11:52:03"
    },
    {
        "id": 128497199,
        "fullName": "Lan Huỳnh",
        "email": "lhtt.dz2.1.0.9@gmail.com",
        "password": "dioaUZfa",
        "created_at": "2025-09-01 11:52:08"
    },
    {
        "id": 128497508,
        "fullName": "Hoàng Thị ThảoHoàng",
        "email": "lht.tdz21.0.9@gmail.com",
        "password": "AWAJVJn6",
        "created_at": "2025-09-01 12:29:16"
    },
    {
        "id": 128497511,
        "fullName": "Văn Võ",
        "email": "l.ht.t.dz.21.0.9@gmail.com",
        "password": "qemoHt4l",
        "created_at": "2025-09-01 12:29:22"
    },
    {
        "id": 128497513,
        "fullName": "Nguyễn Đình MinhĐình",
        "email": "lht.t.dz2.109@gmail.com",
        "password": "8id7zuIC",
        "created_at": "2025-09-01 12:29:28"
    },
    {
        "id": 128497514,
        "fullName": "Hữu Trần",
        "email": "lh.t.td.z.2.1.0.9@gmail.com",
        "password": "JwQIadi4",
        "created_at": "2025-09-01 12:29:33"
    },
    {
        "id": 128497517,
        "fullName": "Vũ Thanh Huy",
        "email": "lh.t.t.d.z2.1.09@gmail.com",
        "password": "AFHOl8tY",
        "created_at": "2025-09-01 12:29:39"
    },
    {
        "id": 128497520,
        "fullName": "Bình Bùi",
        "email": "l.h.ttdz2109@gmail.com",
        "password": "2IIAnPcJ",
        "created_at": "2025-09-01 12:29:45"
    },
    {
        "id": 128497521,
        "fullName": "Nguyễn Bảo Bình",
        "email": "lhttd.z21.09@gmail.com",
        "password": "RAZFqUXs",
        "created_at": "2025-09-01 12:29:51"
    },
    {
        "id": 128497523,
        "fullName": "Lê Thị Thảo",
        "email": "l.ht.tdz2.1.09@gmail.com",
        "password": "Uw5BEvgl",
        "created_at": "2025-09-01 12:29:56"
    },
    {
        "id": 128497524,
        "fullName": "Phạm Bảo MinhHoàng",
        "email": "lh.t.tdz2.10.9@gmail.com",
        "password": "M9lbDae1",
        "created_at": "2025-09-01 12:30:02"
    },
    {
        "id": 128497526,
        "fullName": "Trần Thanh HuyVăn",
        "email": "l.h.t.t.dz2109@gmail.com",
        "password": "ttFjble0",
        "created_at": "2025-09-01 12:30:08"
    },
    {
        "id": 128497529,
        "fullName": "Trang Vũ",
        "email": "l.htt.dz.2.1.09@gmail.com",
        "password": "2JV4FO4z",
        "created_at": "2025-09-01 12:30:33"
    },
    {
        "id": 128497533,
        "fullName": "Huỳnh Bảo Lan",
        "email": "lh.tt.d.z2.1.0.9@gmail.com",
        "password": "Rxw0YK5G",
        "created_at": "2025-09-01 12:30:39"
    },
    {
        "id": 128497534,
        "fullName": "Hoàng Thanh LanBảo",
        "email": "lh.tt.dz.2.109@gmail.com",
        "password": "zQfWZHHZ",
        "created_at": "2025-09-01 12:30:45"
    },
    {
        "id": 128497536,
        "fullName": "Bùi Hoàng Chí",
        "email": "lht.td.z.2.1.0.9@gmail.com",
        "password": "LRB08b6G",
        "created_at": "2025-09-01 12:30:50"
    },
    {
        "id": 128497537,
        "fullName": "Huỳnh Hoàng Bình",
        "email": "lht.tdz.2.1.09@gmail.com",
        "password": "CBUPOctW",
        "created_at": "2025-09-01 12:30:56"
    },
    {
        "id": 128497539,
        "fullName": "Đặng Bảo Minh",
        "email": "l.h.tt.dz2.1.0.9@gmail.com",
        "password": "YSh7c5UT",
        "created_at": "2025-09-01 12:31:02"
    },
    {
        "id": 128497540,
        "fullName": "Vũ Lan",
        "email": "lht.td.z.21.0.9@gmail.com",
        "password": "SYCGLfM3",
        "created_at": "2025-09-01 12:31:07"
    },
    {
        "id": 128497541,
        "fullName": "Hoàng Phạm",
        "email": "lhttd.z.2.1.09@gmail.com",
        "password": "uA4MsAuJ",
        "created_at": "2025-09-01 12:31:13"
    },
    {
        "id": 128497543,
        "fullName": "Phạm Thảo",
        "email": "l.h.t.td.z21.09@gmail.com",
        "password": "ySCpkx46",
        "created_at": "2025-09-01 12:31:19"
    },
    {
        "id": 128497544,
        "fullName": "Lê Thị Dũng",
        "email": "l.h.t.td.z.2109@gmail.com",
        "password": "0kGcPcJj",
        "created_at": "2025-09-01 12:31:24"
    },
    {
        "id": 128497546,
        "fullName": "Huỳnh Thanh MinhHoàng",
        "email": "lh.t.tdz.21.09@gmail.com",
        "password": "v2BwqISq",
        "created_at": "2025-09-01 12:31:30"
    },
    {
        "id": 128497549,
        "fullName": "Lê Quốc HuyBảo",
        "email": "l.httd.z.2.109@gmail.com",
        "password": "1qoxs7fL",
        "created_at": "2025-09-01 12:31:35"
    },
    {
        "id": 128497552,
        "fullName": "Nguyễn Dũng",
        "email": "l.ht.td.z2109@gmail.com",
        "password": "J2l4Npn5",
        "created_at": "2025-09-01 12:31:41"
    },
    {
        "id": 128497553,
        "fullName": "Trần Minh Minh",
        "email": "lht.td.z2.1.09@gmail.com",
        "password": "NrK0e0dt",
        "created_at": "2025-09-01 12:31:47"
    },
    {
        "id": 128497554,
        "fullName": "Nguyễn Quốc BìnhVăn",
        "email": "lh.tt.d.z.2.1.0.9@gmail.com",
        "password": "9sezIhLY",
        "created_at": "2025-09-01 12:31:53"
    },
    {
        "id": 128497555,
        "fullName": "Thanh Đặng",
        "email": "l.h.t.t.dz.21.09@gmail.com",
        "password": "wcvp11oJ",
        "created_at": "2025-09-01 12:31:58"
    },
    {
        "id": 128497557,
        "fullName": "Huỳnh Thảo",
        "email": "l.h.tt.dz.2.10.9@gmail.com",
        "password": "joIdiiD0",
        "created_at": "2025-09-01 12:32:04"
    },
    {
        "id": 128497558,
        "fullName": "Võ Ngọc DũngMinh",
        "email": "l.ht.t.dz2.109@gmail.com",
        "password": "u8qlBF5J",
        "created_at": "2025-09-01 12:32:10"
    },
    {
        "id": 128497559,
        "fullName": "Hoàng Bảo MinhVăn",
        "email": "l.h.ttd.z210.9@gmail.com",
        "password": "aCDIw9Bd",
        "created_at": "2025-09-01 12:32:15"
    },
    {
        "id": 128497560,
        "fullName": "Văn Trần",
        "email": "lh.t.t.d.z21.09@gmail.com",
        "password": "H5gTK9te",
        "created_at": "2025-09-01 12:32:21"
    }
]